party_code,gain,needs,party_code_2017,name,color
trikolora+svobodni+soukromnici,0.025,0.05,trikolora+svobodni+soukromnici,Trikolóra,#3243d2
zeleni,0.018430495399226074,0.05,zeleni,Zelení,#06b15d
cssd,0.04508986971225264,0.05,cssd,ČSSD,#F07D00
prisaha,0.04650287758796163,0.05,prisaha,Přísaha,#0033FF
kscm,0.056389519687170174,0.05,kscm,KSČM,#8c0000
spd,0.09874723094746321,0.05,spd,SPD,#ea2329
spolu,0.20845617962059543,0.11,spolu,SPOLU,#004494
pirati+stan,0.21653674422004957,0.08,pirati+stan,Piráti+STAN,#000000
ano,0.2562611523588695,0.05,ano,ANO,#261060
