party_code,gain,needs,party_code_2017,name,color
trikolora+svobodni+soukromnici,0.025,0.05,trikolora+svobodni+soukromnici,Trikolóra,#3243d2
zeleni,0.019774049963302582,0.05,zeleni,Zelení,#06b15d
cssd,0.04564313807117621,0.05,cssd,ČSSD,#F07D00
prisaha,0.04556260166609886,0.05,prisaha,Přísaha,#0033FF
kscm,0.05336298512576012,0.05,kscm,KSČM,#8c0000
spd,0.09991496594713319,0.05,spd,SPD,#ea2329
spolu,0.2089078547231197,0.11,spolu,SPOLU,#004494
pirati+stan,0.21324540104431206,0.08,pirati+stan,Piráti+STAN,#000000
ano,0.2607520769205289,0.05,ano,ANO,#261060
