party_code,gain,needs,party_code_2017,name,color
trikolora+svobodni+soukromnici,0.025,0.05,trikolora+svobodni+soukromnici,Trikolóra,#3243d2
zeleni,0.01895775124584888,0.05,zeleni,Zelení,#06b15d
prisaha,0.044335900179687415,0.05,prisaha,Přísaha,#0033FF
cssd,0.04612794622457529,0.05,cssd,ČSSD,#F07D00
kscm,0.05310596232918891,0.05,kscm,KSČM,#8c0000
spd,0.10589470153788602,0.05,spd,SPD,#ea2329
pirati+stan,0.19892154088277492,0.08,pirati+stan,Piráti+STAN,#000000
spolu,0.21371234302663855,0.11,spolu,SPOLU,#004494
ano,0.26487342973494626,0.05,ano,ANO,#261060
