party_code,gain,needs,party_code_2017,name,color
trikolora+svobodni+soukromnici,0.025,0.05,trikolora+svobodni+soukromnici,Trikolóra,#3243d2
zeleni,0.022422548791211458,0.05,zeleni,Zelení,#06b15d
cssd,0.04831940807969709,0.05,cssd,ČSSD,#F07D00
kscm,0.05610853516051269,0.05,kscm,KSČM,#8c0000
spd,0.1095609812767428,0.05,spd,SPD,#ea2329
spolu,0.1959527307068341,0.11,spolu,SPOLU,#004494
ano,0.2206281285661318,0.05,ano,ANO,#261060
pirati+stan,0.26337737824342783,0.08,pirati+stan,Piráti+STAN,#000000
