party_code,gain,needs,party_code_2017,name,color
trikolora+svobodni+soukromnici,0.025,0.05,trikolora+svobodni+soukromnici,Trikolóra,#3243d2
zeleni,0.019257384126260147,0.05,zeleni,Zelení,#06b15d
prisaha,0.042765469439410696,0.05,prisaha,Přísaha,#0033FF
cssd,0.050257482274927295,0.05,cssd,ČSSD,#F07D00
kscm,0.05810419641697317,0.05,kscm,KSČM,#8c0000
spd,0.10291554753108394,0.05,spd,SPD,#ea2329
spolu,0.20390085496000046,0.11,spolu,SPOLU,#004494
ano,0.229142467717798,0.05,ano,ANO,#261060
pirati+stan,0.237403810107461,0.08,pirati+stan,Piráti+STAN,#000000
