party_code,gain,needs,party_code_2017,name,color
trikolora+svobodni+soukromnici,0.025,0.05,trikolora+svobodni+soukromnici,Trikolóra,#3243d2
zeleni,0.019774049963302582,0.05,zeleni,Zelení,#06b15d
cssd,0.045408803964873144,0.05,cssd,ČSSD,#F07D00
prisaha,0.04213937230059413,0.05,prisaha,Přísaha,#0033FF
kscm,0.053453832215165004,0.05,kscm,KSČM,#8c0000
spd,0.1024941407386982,0.05,spd,SPD,#ea2329
spolu,0.2073696125976966,0.11,spolu,SPOLU,#004494
pirati+stan,0.2075044591506126,0.08,pirati+stan,Piráti+STAN,#000000
ano,0.2697721013422993,0.05,ano,ANO,#261060
