party_code,gain,needs,party_code_2017,name,color
trikolora+svobodni+soukromnici,0.025,0.05,trikolora+svobodni+soukromnici,Trikolóra,#3243d2
zeleni,0.022422548791211458,0.05,zeleni,Zelení,#06b15d
cssd,0.04892803776601675,0.05,cssd,ČSSD,#F07D00
kscm,0.05595125445701766,0.05,kscm,KSČM,#8c0000
spd,0.11018969846433857,0.05,spd,SPD,#ea2329
spolu,0.19188798896767667,0.11,spolu,SPOLU,#004494
ano,0.2205972063943274,0.05,ano,ANO,#261060
pirati+stan,0.2664365960506339,0.08,pirati+stan,Piráti+STAN,#000000
