party_code,gain,needs,party_code_2017,name,color
svobodni,0.009850950684811,0.05,svobodni,Svobodní,#009982
zeleni,0.014881419181784468,0.05,zeleni,Zelení,#06b15d
trikolora,0.02615197497793066,0.05,svobodni,Trikolóra,#3243d2
cssd,0.05053678200705553,0.05,cssd,ČSSD,#F07D00
kscm,0.06290155849990577,0.05,kscm,KSČM,#8c0000
spd,0.09498603234246858,0.05,spd,SPD,#ea2329
spolu,0.19228221861191522,0.05,spolu,SPOLU,#004494
pirati+stan,0.25611707473629514,0.05,pirati+stan,Piráti+STAN,#000000
ano,0.2648703504275698,0.05,ano,ANO,#261060
