party_code,gain,needs,party_code_2017,name,color
zeleni,0.015328772576706916,0.05,zeleni,Zelení,#06b15d
trikolora+svobodni+soukromnici,0.025,0.05,trikolora+svobodni+soukromnici,Trikolóra,#3243d2
cssd,0.04489017829243772,0.05,cssd,ČSSD,#F07D00
kscm,0.05301719971075324,0.05,kscm,KSČM,#8c0000
spd,0.1103773948964373,0.05,spd,SPD,#ea2329
spolu,0.18368901279626082,0.11,spolu,SPOLU,#004494
ano,0.2382308324239461,0.05,ano,ANO,#261060
pirati+stan,0.2806063616337344,0.08,pirati+stan,Piráti+STAN,#000000
