party_code,gain,needs,party_code_2017,name,color
trikolora+svobodni+soukromnici,0.025,0.05,trikolora+svobodni+soukromnici,Trikolóra,#3243d2
zeleni,0.0198536731600329,0.05,zeleni,Zelení,#06b15d
prisaha,0.03520555187164309,0.05,prisaha,Přísaha,#0033FF
cssd,0.049293625712932734,0.05,cssd,ČSSD,#F07D00
kscm,0.057758592368957286,0.05,kscm,KSČM,#8c0000
spd,0.10549777001486937,0.05,spd,SPD,#ea2329
spolu,0.19763642847507945,0.11,spolu,SPOLU,#004494
ano,0.21787948370494084,0.05,ano,ANO,#261060
pirati+stan,0.2545984122149463,0.08,pirati+stan,Piráti+STAN,#000000
