party_code,gain,needs,party_code_2017,name,color
svobodni,0.009850950684811,0.05,svobodni,Svobodní,#009982
zeleni,0.014613642611427,0.05,zeleni,Zelení,#06b15d
trikolora,0.023690638165476,0.05,svobodni,Trikolóra,#3243d2
cssd,0.05249850625678097,0.05,cssd,ČSSD,#F07D00
kscm,0.05860022764585071,0.05,kscm,KSČM,#8c0000
spd,0.09259877548871225,0.05,spd,SPD,#ea2329
spolu,0.19444292825146572,0.05,spolu,SPOLU,#004494
pirati+stan,0.2642774971689288,0.05,pirati+stan,Piráti+STAN,#000000
ano,0.2669762474612142,0.05,ano,ANO,#261060
