party_code,gain,needs,party_code_2017,name,color
trikolora+svobodni+soukromnici,0.025,0.05,trikolora+svobodni+soukromnici,Trikolóra,#3243d2
zeleni,0.020671148419443463,0.05,zeleni,Zelení,#06b15d
cssd,0.04380736989406547,0.05,cssd,ČSSD,#F07D00
kscm,0.054967374503482984,0.05,kscm,KSČM,#8c0000
spd,0.1150959686599062,0.05,spd,SPD,#ea2329
spolu,0.19072127840938086,0.11,spolu,SPOLU,#004494
ano,0.2183122467598844,0.05,ano,ANO,#261060
pirati+stan,0.27634782561161964,0.08,pirati+stan,Piráti+STAN,#000000
