party_code,gain,needs,party_code_2017,name,color
trikolora+svobodni+soukromnici,0.025,0.05,trikolora+svobodni+soukromnici,Trikolóra,#3243d2
zeleni,0.01608491827660286,0.05,zeleni,Zelení,#06b15d
cssd,0.04624524127944795,0.05,cssd,ČSSD,#F07D00
prisaha,0.04630034452138495,0.05,prisaha,Přísaha,#0033FF
kscm,0.056034333213091744,0.05,kscm,KSČM,#8c0000
spd,0.09897457724168308,0.05,spd,SPD,#ea2329
spolu,0.20645041795463623,0.11,spolu,SPOLU,#004494
pirati+stan,0.21980848876411654,0.08,pirati+stan,Piráti+STAN,#000000
ano,0.24270312087041587,0.05,ano,ANO,#261060
