party_code,gain,needs,party_code_2017,name,color
trikolora+svobodni+soukromnici,0.025,0.05,trikolora+svobodni+soukromnici,Trikolóra,#3243d2
zeleni,0.01608491827660286,0.05,zeleni,Zelení,#06b15d
prisaha,0.044520668801053036,0.05,prisaha,Přísaha,#0033FF
cssd,0.048473667176214395,0.05,cssd,ČSSD,#F07D00
kscm,0.057540518170328354,0.05,kscm,KSČM,#8c0000
spd,0.10152815106395377,0.05,spd,SPD,#ea2329
spolu,0.20759925981092897,0.11,spolu,SPOLU,#004494
pirati+stan,0.2218829156942936,0.08,pirati+stan,Piráti+STAN,#000000
ano,0.24797110282231236,0.05,ano,ANO,#261060
