party_code,gain,needs,party_code_2017,name,color
trikolora+svobodni+soukromnici,0.025,0.05,trikolora+svobodni+soukromnici,Trikolóra,#3243d2
zeleni,0.020671148419443463,0.05,zeleni,Zelení,#06b15d
cssd,0.049329849230508906,0.05,cssd,ČSSD,#F07D00
kscm,0.05455880141967667,0.05,kscm,KSČM,#8c0000
spd,0.11256184960116687,0.05,spd,SPD,#ea2329
spolu,0.1794800279392851,0.11,spolu,SPOLU,#004494
ano,0.23199827561201714,0.05,ano,ANO,#261060
pirati+stan,0.27888256375507636,0.08,pirati+stan,Piráti+STAN,#000000
