party_code,gain,needs,party_code_2017,name,color
svobodni,0.009850950684811,0.05,svobodni,Svobodní,#009982
zeleni,0.01686890387577233,0.05,zeleni,Zelení,#06b15d
trikolora,0.028281527812403704,0.05,svobodni,Trikolóra,#3243d2
cssd,0.04575285667028528,0.05,cssd,ČSSD,#F07D00
kscm,0.061570958019264,0.05,kscm,KSČM,#8c0000
spd,0.09892114733256963,0.05,spd,SPD,#ea2329
spolu,0.18635558774713507,0.05,spolu,SPOLU,#004494
ano,0.24758997230199606,0.05,ano,ANO,#261060
pirati+stan,0.27523246084366126,0.05,pirati+stan,Piráti+STAN,#000000
