party_code,gain,needs,party_code_2017,name,color
trikolora+svobodni+soukromnici,0.025,0.05,trikolora+svobodni+soukromnici,Trikolóra,#3243d2
zeleni,0.01945090536584147,0.05,zeleni,Zelení,#06b15d
prisaha,0.043208927331498274,0.05,prisaha,Přísaha,#0033FF
cssd,0.044773317934700796,0.05,cssd,ČSSD,#F07D00
kscm,0.05270240740709603,0.05,kscm,KSČM,#8c0000
spd,0.10127725461384854,0.05,spd,SPD,#ea2329
pirati+stan,0.2049201607078658,0.08,pirati+stan,Piráti+STAN,#000000
spolu,0.2114707359393487,0.11,spolu,SPOLU,#004494
ano,0.26883325744796305,0.05,ano,ANO,#261060
