party_code,gain,needs,party_code_2017,name,color
trikolora+svobodni+soukromnici,0.025,0.05,trikolora+svobodni+soukromnici,Trikolóra,#3243d2
zeleni,0.02154672838882807,0.05,zeleni,Zelení,#06b15d
prisaha,0.03598717831469824,0.05,prisaha,Přísaha,#0033FF
cssd,0.04468968442256473,0.05,cssd,ČSSD,#F07D00
kscm,0.0549239262950027,0.05,kscm,KSČM,#8c0000
spd,0.10722034717684634,0.05,spd,SPD,#ea2329
spolu,0.1987339405481005,0.11,spolu,SPOLU,#004494
ano,0.21408963227769653,0.05,ano,ANO,#261060
pirati+stan,0.2628842263136827,0.08,pirati+stan,Piráti+STAN,#000000
