party_code,gain,needs,party_code_2017,name,color
trikolora+svobodni+soukromnici,0.025,0.05,trikolora+svobodni+soukromnici,Trikolóra,#3243d2
zeleni,0.01945090536584147,0.05,zeleni,Zelení,#06b15d
cssd,0.044856888322072186,0.05,cssd,ČSSD,#F07D00
prisaha,0.046749331701695686,0.05,prisaha,Přísaha,#0033FF
kscm,0.05600319069409116,0.05,kscm,KSČM,#8c0000
spd,0.10933131986926432,0.05,spd,SPD,#ea2329
pirati+stan,0.20493358091214361,0.08,pirati+stan,Piráti+STAN,#000000
spolu,0.2145853240345547,0.11,spolu,SPOLU,#004494
ano,0.2685106355190618,0.05,ano,ANO,#261060
