party_code,gain,needs,party_code_2017,name,color
svobodni,0.009850950684811,0.05,svobodni,Svobodní,#009982
zeleni,0.014881419181784468,0.05,zeleni,Zelení,#06b15d
trikolora,0.02615197497793066,0.05,svobodni,Trikolóra,#3243d2
cssd,0.04934131352925108,0.05,cssd,ČSSD,#F07D00
kscm,0.05951347227365599,0.05,kscm,KSČM,#8c0000
spd,0.09906219087742292,0.05,spd,SPD,#ea2329
spolu,0.18804611997710588,0.05,spolu,SPOLU,#004494
ano,0.2478118237703255,0.05,ano,ANO,#261060
pirati+stan,0.2766778807978737,0.05,pirati+stan,Piráti+STAN,#000000
