party_code,gain,needs,party_code_2017,name,color
trikolora+svobodni+soukromnici,0.025,0.05,trikolora+svobodni+soukromnici,Trikolóra,#3243d2
zeleni,0.020688800481472855,0.05,zeleni,Zelení,#06b15d
prisaha,0.04692765450818352,0.05,prisaha,Přísaha,#0033FF
cssd,0.04932396414332062,0.05,cssd,ČSSD,#F07D00
kscm,0.058440815149319605,0.05,kscm,KSČM,#8c0000
spd,0.09707106554803234,0.05,spd,SPD,#ea2329
spolu,0.20640439619502735,0.11,spolu,SPOLU,#004494
ano,0.23462152867810684,0.05,ano,ANO,#261060
pirati+stan,0.22896694577118337,0.08,pirati+stan,Piráti+STAN,#000000
