party_code,gain,needs,party_code_2017,name,color
trikolora+svobodni+soukromnici,0.025,0.05,trikolora+svobodni+soukromnici,Trikolóra,#3243d2
zeleni,0.019774049963302582,0.05,zeleni,Zelení,#06b15d
prisaha,0.04233309907354762,0.05,prisaha,Přísaha,#0033FF
cssd,0.045188406806624684,0.05,cssd,ČSSD,#F07D00
kscm,0.05355674614782547,0.05,kscm,KSČM,#8c0000
spd,0.09948765638430106,0.05,spd,SPD,#ea2329
spolu,0.2083734692980039,0.11,spolu,SPOLU,#004494
pirati+stan,0.2077028034549284,0.08,pirati+stan,Piráti+STAN,#000000
ano,0.2610619755916498,0.05,ano,ANO,#261060
