party_code,gain,needs,party_code_2017,name,color
trikolora+svobodni+soukromnici,0.025,0.05,trikolora+svobodni+soukromnici,Trikolóra,#3243d2
zeleni,0.01945090536584147,0.05,zeleni,Zelení,#06b15d
prisaha,0.04273279379698347,0.05,prisaha,Přísaha,#0033FF
cssd,0.04480649373080064,0.05,cssd,ČSSD,#F07D00
kscm,0.052306899641635596,0.05,kscm,KSČM,#8c0000
spd,0.10328563142239622,0.05,spd,SPD,#ea2329
pirati+stan,0.20493358091214361,0.08,pirati+stan,Piráti+STAN,#000000
spolu,0.2145853240345547,0.11,spolu,SPOLU,#004494
ano,0.2653451681346585,0.05,ano,ANO,#261060
