party_code,gain,needs,party_code_2017,name,color
trikolora+svobodni+soukromnici,0.025,0.05,trikolora+svobodni+soukromnici,Trikolóra,#3243d2
zeleni,0.020671148419443463,0.05,zeleni,Zelení,#06b15d
cssd,0.04650945896283981,0.05,cssd,ČSSD,#F07D00
kscm,0.053525775655752526,0.05,kscm,KSČM,#8c0000
spd,0.11249026422415566,0.05,spd,SPD,#ea2329
spolu,0.18787597968646744,0.11,spolu,SPOLU,#004494
ano,0.22555587559552234,0.05,ano,ANO,#261060
pirati+stan,0.27745733903412484,0.08,pirati+stan,Piráti+STAN,#000000
