party_code,gain,needs,party_code_2017,name,color
trikolora+svobodni+soukromnici,0.025,0.05,trikolora+svobodni+soukromnici,Trikolóra,#3243d2
zeleni,0.0198536731600329,0.05,zeleni,Zelení,#06b15d
prisaha,0.03841121460095831,0.05,prisaha,Přísaha,#0033FF
cssd,0.04765985556949737,0.05,cssd,ČSSD,#F07D00
kscm,0.054831840171502326,0.05,kscm,KSČM,#8c0000
spd,0.10875896952576604,0.05,spd,SPD,#ea2329
spolu,0.20299647377231128,0.11,spolu,SPOLU,#004494
ano,0.21588859385040327,0.05,ano,ANO,#261060
pirati+stan,0.2525041758358682,0.08,pirati+stan,Piráti+STAN,#000000
