party_code,gain,needs,party_code_2017,name,color
svobodni,0.009850950684811,0.05,svobodni,Svobodní,#009982
zeleni,0.017179607803076667,0.05,zeleni,Zelení,#06b15d
trikolora,0.02783997461937394,0.05,svobodni,Trikolóra,#3243d2
cssd,0.046337270092103894,0.05,cssd,ČSSD,#F07D00
kscm,0.06376227932456587,0.05,kscm,KSČM,#8c0000
spd,0.0993194835438502,0.05,spd,SPD,#ea2329
spolu,0.18331480840354555,0.05,spolu,SPOLU,#004494
ano,0.24704038572608572,0.05,ano,ANO,#261060
pirati+stan,0.27606937981428886,0.05,pirati+stan,Piráti+STAN,#000000
